<?xml version="1.0" encoding="utf-8"?>
<!--/12752999/321621/2.50/2/3/Switch/-->
<quadcept_library>
  <setting unit="mil" />
  <textstyle name="Default" height="47.244094488189" strokewidth="7.8740157480315" charwidth="47.244094488189" />
  <textstyle name="Dimension" height="19.6850393700787" strokewidth="0" charwidth="19.6850393700787" />
  <textstyle name="H127W0635TH00762" height="50" strokewidth="3" charwidth="25" />
  <textstyle name="H15W15TH02" height="59.0551181102362" strokewidth="7.8740157480315" charwidth="59.0551181102362" />
  <padstyle name="r175_100" surface="True" plated="False" isvia="False" nopaste="False" nomask="True" complex="False" holesize="0">
    <padshape layer="TOP" shape="rectangle" width="39.370078740157" height="68.897637795275" />
    <padshape layer="TOP_SOLDER_MASK" shape="rectangle" width="47.244094488188" height="76.771653543306" />
    <padshape layer="TOP_SOLDER_PASTE" shape="rectangle" width="39.370078740157" height="68.897637795275" />
  </padstyle>
  <footprint name="NW3A06B3" originx="0" originy="0" pickpointx="0" pickpointy="0">
    <pcbpin number="1" name="1" style="r175_100" originx="-152.55905511811" originy="0" rotation="90" />
    <pcbpin number="2" name="2" style="r175_100" originx="152.55905511811" originy="0" rotation="90" />
    <line layer="TOP_ASSEMBLY" originx="-120.07874015748" originy="72.83464566929" endx="120.07874015748" endy="72.83464566929" width="3.9370078740157" />
    <line layer="TOP_ASSEMBLY" originx="120.07874015748" originy="72.83464566929" endx="120.07874015748" endy="-72.83464566929" width="3.9370078740157" />
    <line layer="TOP_ASSEMBLY" originx="120.07874015748" originy="-72.83464566929" endx="-120.07874015748" endy="-72.83464566929" width="3.9370078740157" />
    <line layer="TOP_ASSEMBLY" originx="-120.07874015748" originy="-72.83464566929" endx="-120.07874015748" endy="72.83464566929" width="3.9370078740157" />
    <line layer="TOP_PLACE_BOUND" originx="-226.3779527559" originy="112.20472440945" endx="226.3779527559" endy="112.20472440945" width="3.9370078740157" />
    <line layer="TOP_PLACE_BOUND" originx="226.3779527559" originy="112.20472440945" endx="226.3779527559" endy="-112.20472440945" width="3.9370078740157" />
    <line layer="TOP_PLACE_BOUND" originx="226.3779527559" originy="-112.20472440945" endx="-226.3779527559" endy="-112.20472440945" width="3.9370078740157" />
    <line layer="TOP_PLACE_BOUND" originx="-226.3779527559" originy="-112.20472440945" endx="-226.3779527559" endy="112.20472440945" width="3.9370078740157" />
    <line layer="TOP_SILKSCREEN" originx="-120.07874015748" originy="39.370078740157" endx="-120.07874015748" endy="72.83464566929" width="7.8740157480314" />
    <line layer="TOP_SILKSCREEN" originx="-120.07874015748" originy="72.83464566929" endx="120.07874015748" endy="72.83464566929" width="7.8740157480314" />
    <line layer="TOP_SILKSCREEN" originx="120.07874015748" originy="72.83464566929" endx="120.07874015748" endy="39.370078740157" width="7.8740157480314" />
    <line layer="TOP_SILKSCREEN" originx="-120.07874015748" originy="-39.370078740157" endx="-120.07874015748" endy="-70.866141732283" width="7.8740157480314" />
    <line layer="TOP_SILKSCREEN" originx="-120.07874015748" originy="-70.866141732283" endx="120.07874015748" endy="-70.866141732283" width="7.8740157480314" />
    <line layer="TOP_SILKSCREEN" originx="120.07874015748" originy="-70.866141732283" endx="120.07874015748" endy="-39.370078740157" width="7.8740157480314" />
    <line layer="TOP_SILKSCREEN" originx="-204.72440944882" originy="0" endx="-204.72440944882" endy="0" width="3.9370078740157" />
    <arc layer="TOP_SILKSCREEN" originx="-206.69291338582" originy="0" startangle=".0" sweepangle="180.0" radius="1.9685039370079" width="3.9370078740157" />
    <line layer="TOP_SILKSCREEN" originx="-208.66141732283" originy="0" endx="-208.66141732283" endy="0" width="3.9370078740157" />
    <arc layer="TOP_SILKSCREEN" originx="-206.69291338582" originy="0" startangle="180.0" sweepangle="180.0" radius="1.9685039370079" width="3.9370078740157" />
  </footprint>
  <symbol name="NW3-A06-B3" originx="0" originy="0">
    <line originx="200" originy="100" endx="700" endy="100" width="0" />
    <line originx="700" originy="-200" endx="700" endy="100" width="0" />
    <line originx="700" originy="-200" endx="200" endy="-200" width="0" />
    <line originx="200" originy="100" endx="200" endy="-200" width="0" />
    <sympin number="1" originx="200" originy="0" rotation="180" length="100" width="7.8740157480315" flipped="False">
      <text name="pinname" originx="230" originy="0" style="Default" rotation="0" justify="left" flipped="False" hidden="False" data="COM" />
      <text name="pindes" originx="140" originy="20" style="Default" rotation="0" justify="lowerright" flipped="False" hidden="False" data="1" />
    </sympin>
    <sympin number="2" originx="200" originy="-100" rotation="180" length="100" width="7.8740157480315" flipped="False">
      <text name="pinname" originx="230" originy="-100" style="Default" rotation="0" justify="left" flipped="False" hidden="False" data="NO" />
      <text name="pindes" originx="140" originy="-80" style="Default" rotation="0" justify="lowerright" flipped="False" hidden="False" data="2" />
    </sympin>
  </symbol>
  <component name="NW3-A06-B3" designatorprefix="S" height="102.36220472441" footprint="NW3A06B3">
    <comppin designator="1" sympin="1" pinswap="0" gateswap="0" gate="1" group="1" side="" type="Any" name="COM" />
    <comppin designator="2" sympin="2" pinswap="0" gateswap="0" gate="1" group="1" side="" type="Any" name="NO" />
    <attached_symbol gate="1" name="NW3-A06-B3" />
    <pinmap designator="1" footprintpin="1" />
    <pinmap designator="2" footprintpin="2" />
    <text name="Datasheet" originx="0" originy="0" style="Default" rotation="0" justify="" flipped="False" hidden="True" data="https://www.devicemart.co.kr/goods/view?no=1322056#goods_file" />
    <text name="Description" originx="0" originy="0" style="Default" rotation="0" justify="" flipped="False" hidden="True" data="Micro tact switch [NW3-A06-B3] Tact Switch / SMD TYPE / DC 12V / 50mA / 6.1mm*3.7mm / Small size SMD tact switch" />
    <text name="Manufacturer_Name" originx="0" originy="0" style="Default" rotation="0" justify="" flipped="False" hidden="True" data="MICROSTACK" />
    <text name="Manufacturer_Part_Number" originx="750" originy="200" style="Default" rotation="0" justify="left" flipped="False" hidden="False" data="NW3-A06-B3" />
    <text name="Mouser Part Number" originx="0" originy="0" style="Default" rotation="0" justify="" flipped="False" hidden="True" data="" />
    <text name="Mouser Price/Stock" originx="0" originy="0" style="Default" rotation="0" justify="" flipped="False" hidden="True" data="" />
    <text name="Arrow Part Number" originx="0" originy="0" style="Default" rotation="0" justify="" flipped="False" hidden="True" data="" />
    <text name="Arrow Price/Stock" originx="0" originy="0" style="Default" rotation="0" justify="" flipped="False" hidden="True" data="" />
  </component>
</quadcept_library>
