<?xml version="1.0" encoding="utf-8"?>
<!--/729334/321621/2.50/8/4/Switch/-->
<quadcept_library>
  <setting unit="mil" />
  <textstyle name="Default" height="47.244094488189" strokewidth="7.8740157480315" charwidth="47.244094488189" />
  <textstyle name="Dimension" height="19.6850393700787" strokewidth="0" charwidth="19.6850393700787" />
  <textstyle name="H127W0635TH00762" height="50" strokewidth="3" charwidth="25" />
  <textstyle name="H15W15TH02" height="59.0551181102362" strokewidth="7.8740157480315" charwidth="59.0551181102362" />
  <padstyle name="r135_100" surface="True" plated="False" isvia="False" nopaste="False" nomask="True" complex="False" holesize="0">
    <padshape layer="TOP" shape="rectangle" width="39.370078740157" height="53.149606299212" />
    <padshape layer="TOP_SOLDER_MASK" shape="rectangle" width="47.244094488188" height="61.023622047243" />
    <padshape layer="TOP_SOLDER_PASTE" shape="rectangle" width="39.370078740157" height="53.149606299212" />
  </padstyle>
  <padstyle name="r200_180" surface="True" plated="False" isvia="False" nopaste="False" nomask="True" complex="False" holesize="0">
    <padshape layer="TOP" shape="rectangle" width="70.866141732283" height="78.740157480314" />
    <padshape layer="TOP_SOLDER_MASK" shape="rectangle" width="78.740157480314" height="86.614173228345" />
    <padshape layer="TOP_SOLDER_PASTE" shape="rectangle" width="70.866141732283" height="78.740157480314" />
  </padstyle>
  <padstyle name="c37.5_h75" surface="False" plated="True" isvia="False" nopaste="True" nomask="True" complex="False" holesize="29.527559055118">
    <padshape layer="TOP" shape="round" width="14.763779527559" height="14.763779527559" />
    <padshape layer="TOP_SOLDER_MASK" shape="round" width="22.63779527559" height="22.63779527559" />
    <padshape layer="INNER" shape="round" width="14.763779527559" height="14.763779527559" />
    <padshape layer="BOTTOM" shape="round" width="14.763779527559" height="14.763779527559" />
    <padshape layer="BOTTOM_SOLDER_MASK" shape="round" width="22.63779527559" height="22.63779527559" />
  </padstyle>
  <padstyle name="c52.5_h105" surface="False" plated="True" isvia="False" nopaste="True" nomask="True" complex="False" holesize="41.338582677165">
    <padshape layer="TOP" shape="round" width="20.669291338582" height="20.669291338582" />
    <padshape layer="TOP_SOLDER_MASK" shape="round" width="28.543307086614" height="28.543307086614" />
    <padshape layer="INNER" shape="round" width="20.669291338582" height="20.669291338582" />
    <padshape layer="BOTTOM" shape="round" width="20.669291338582" height="20.669291338582" />
    <padshape layer="BOTTOM_SOLDER_MASK" shape="round" width="28.543307086614" height="28.543307086614" />
  </padstyle>
  <footprint name="SKRHABE010" originx="0" originy="0" pickpointx="0" pickpointy="0">
    <pcbpin number="1" name="1" style="r135_100" originx="-140.74803149606" originy="56.102362204724" rotation="90" />
    <pcbpin number="2" name="2" style="r135_100" originx="-140.74803149606" originy="0" rotation="90" />
    <pcbpin number="3" name="3" style="r135_100" originx="-140.74803149606" originy="-56.102362204724" rotation="90" />
    <pcbpin number="4" name="4" style="r135_100" originx="140.74803149606" originy="56.102362204724" rotation="90" />
    <pcbpin number="5" name="5" style="r135_100" originx="140.74803149606" originy="0" rotation="90" />
    <pcbpin number="6" name="6" style="r135_100" originx="140.74803149606" originy="-56.102362204724" rotation="90" />
    <pcbpin number="7" name="7" style="r200_180" originx="0" originy="159.44881889764" rotation="90" />
    <pcbpin number="8" name="8" style="r200_180" originx="0" originy="-159.44881889764" rotation="90" />
    <pcbpin number="9" name="GB1" style="c37.5_h75" originx="0" originy="74.803149606298" rotation="90" />
    <pcbpin number="10" name="GB2" style="c52.5_h105" originx="0" originy="-74.803149606298" rotation="90" />
    <line layer="TOP_ASSEMBLY" originx="-147.63779527559" originy="147.63779527559" endx="147.63779527559" endy="147.63779527559" width="7.8740157480314" />
    <line layer="TOP_ASSEMBLY" originx="147.63779527559" originy="147.63779527559" endx="147.63779527559" endy="-147.63779527559" width="7.8740157480314" />
    <line layer="TOP_ASSEMBLY" originx="147.63779527559" originy="-147.63779527559" endx="-147.63779527559" endy="-147.63779527559" width="7.8740157480314" />
    <line layer="TOP_ASSEMBLY" originx="-147.63779527559" originy="-147.63779527559" endx="-147.63779527559" endy="147.63779527559" width="7.8740157480314" />
    <line layer="TOP_PLACE_BOUND" originx="-224.40944881889" originy="234.25196850393" endx="206.69291338582" endy="234.25196850393" width="3.9370078740157" />
    <line layer="TOP_PLACE_BOUND" originx="206.69291338582" originy="234.25196850393" endx="206.69291338582" endy="-234.25196850393" width="3.9370078740157" />
    <line layer="TOP_PLACE_BOUND" originx="206.69291338582" originy="-234.25196850393" endx="-224.40944881889" endy="-234.25196850393" width="3.9370078740157" />
    <line layer="TOP_PLACE_BOUND" originx="-224.40944881889" originy="-234.25196850393" endx="-224.40944881889" endy="234.25196850393" width="3.9370078740157" />
    <line layer="TOP_SILKSCREEN" originx="-59.055118110235" originy="147.63779527559" endx="-147.63779527559" endy="147.63779527559" width="3.9370078740157" />
    <line layer="TOP_SILKSCREEN" originx="-147.63779527559" originy="147.63779527559" endx="-147.63779527559" endy="98.425196850392" width="3.9370078740157" />
    <line layer="TOP_SILKSCREEN" originx="59.055118110235" originy="147.63779527559" endx="147.63779527559" endy="147.63779527559" width="3.9370078740157" />
    <line layer="TOP_SILKSCREEN" originx="147.63779527559" originy="147.63779527559" endx="147.63779527559" endy="98.425196850392" width="3.9370078740157" />
    <line layer="TOP_SILKSCREEN" originx="-147.63779527559" originy="-98.425196850392" endx="-147.63779527559" endy="-147.63779527559" width="3.9370078740157" />
    <line layer="TOP_SILKSCREEN" originx="-147.63779527559" originy="-147.63779527559" endx="-59.055118110235" endy="-147.63779527559" width="3.9370078740157" />
    <line layer="TOP_SILKSCREEN" originx="59.055118110235" originy="-147.63779527559" endx="147.63779527559" endy="-147.63779527559" width="3.9370078740157" />
    <line layer="TOP_SILKSCREEN" originx="147.63779527559" originy="-147.63779527559" endx="147.63779527559" endy="-98.425196850392" width="3.9370078740157" />
    <line layer="TOP_SILKSCREEN" originx="-181.10236220472" originy="59.055118110235" endx="-181.10236220472" endy="59.055118110235" width="7.8740157480314" />
    <arc layer="TOP_SILKSCREEN" originx="-181.10236220472" originy="55.11811023622" startangle="90.0" sweepangle="-180.0" radius="3.9370078740157" width="7.8740157480314" />
    <line layer="TOP_SILKSCREEN" originx="-181.10236220472" originy="51.181102362204" endx="-181.10236220472" endy="51.181102362204" width="7.8740157480314" />
    <arc layer="TOP_SILKSCREEN" originx="-181.10236220472" originy="55.11811023622" startangle="-90.0" sweepangle="-180.0" radius="3.9370078740157" width="7.8740157480314" />
  </footprint>
  <symbol name="SKRHABE010" originx="0" originy="0">
    <line originx="200" originy="300" endx="1200" endy="300" width="0" />
    <line originx="1200" originy="-500" endx="1200" endy="300" width="0" />
    <line originx="1200" originy="-500" endx="200" endy="-500" width="0" />
    <line originx="200" originy="300" endx="200" endy="-500" width="0" />
    <sympin number="1" originx="200" originy="0" rotation="180" length="100" width="7.8740157480315" flipped="False">
      <text name="pinname" originx="230" originy="0" style="Default" rotation="0" justify="left" flipped="False" hidden="False" data="A" />
      <text name="pindes" originx="140" originy="20" style="Default" rotation="0" justify="lowerright" flipped="False" hidden="False" data="1" />
    </sympin>
    <sympin number="2" originx="200" originy="-100" rotation="180" length="100" width="7.8740157480315" flipped="False">
      <text name="pinname" originx="230" originy="-100" style="Default" rotation="0" justify="left" flipped="False" hidden="False" data="CENTER" />
      <text name="pindes" originx="140" originy="-80" style="Default" rotation="0" justify="lowerright" flipped="False" hidden="False" data="2" />
    </sympin>
    <sympin number="3" originx="200" originy="-200" rotation="180" length="100" width="7.8740157480315" flipped="False">
      <text name="pinname" originx="230" originy="-200" style="Default" rotation="0" justify="left" flipped="False" hidden="False" data="C" />
      <text name="pindes" originx="140" originy="-180" style="Default" rotation="0" justify="lowerright" flipped="False" hidden="False" data="3" />
    </sympin>
    <sympin number="4" originx="1200" originy="0" rotation="0" length="100" width="7.8740157480315" flipped="False">
      <text name="pinname" originx="1170" originy="0" style="Default" rotation="0" justify="right" flipped="False" hidden="False" data="B" />
      <text name="pindes" originx="1260" originy="20" style="Default" rotation="0" justify="lowerleft" flipped="False" hidden="False" data="4" />
    </sympin>
    <sympin number="5" originx="1200" originy="-100" rotation="0" length="100" width="7.8740157480315" flipped="False">
      <text name="pinname" originx="1170" originy="-100" style="Default" rotation="0" justify="right" flipped="False" hidden="False" data="COMMON" />
      <text name="pindes" originx="1260" originy="-80" style="Default" rotation="0" justify="lowerleft" flipped="False" hidden="False" data="5" />
    </sympin>
    <sympin number="6" originx="1200" originy="-200" rotation="0" length="100" width="7.8740157480315" flipped="False">
      <text name="pinname" originx="1170" originy="-200" style="Default" rotation="0" justify="right" flipped="False" hidden="False" data="D" />
      <text name="pindes" originx="1260" originy="-180" style="Default" rotation="0" justify="lowerleft" flipped="False" hidden="False" data="6" />
    </sympin>
    <sympin number="7" originx="700" originy="300" rotation="90" length="100" width="7.8740157480315" flipped="False">
      <text name="pinname" originx="700" originy="270" style="Default" rotation="0" justify="right" flipped="False" hidden="False" data="7" />
      <text name="pindes" originx="680" originy="360" style="Default" rotation="0" justify="lowerleft" flipped="False" hidden="False" data="7" />
    </sympin>
    <sympin number="8" originx="700" originy="-500" rotation="270" length="100" width="7.8740157480315" flipped="False">
      <text name="pinname" originx="700" originy="-470" style="Default" rotation="0" justify="left" flipped="False" hidden="False" data="8" />
      <text name="pindes" originx="680" originy="-560" style="Default" rotation="0" justify="lowerright" flipped="False" hidden="False" data="8" />
    </sympin>
  </symbol>
  <component name="SKRHABE010" designatorprefix="S" height="196.85039370078" footprint="SKRHABE010">
    <comppin designator="1" sympin="1" pinswap="0" gateswap="0" gate="1" group="1" side="" type="Any" name="A" />
    <comppin designator="2" sympin="2" pinswap="0" gateswap="0" gate="1" group="1" side="" type="Any" name="CENTER" />
    <comppin designator="3" sympin="3" pinswap="0" gateswap="0" gate="1" group="1" side="" type="Any" name="C" />
    <comppin designator="4" sympin="4" pinswap="0" gateswap="0" gate="1" group="1" side="" type="Any" name="B" />
    <comppin designator="5" sympin="5" pinswap="0" gateswap="0" gate="1" group="1" side="" type="Any" name="COMMON" />
    <comppin designator="6" sympin="6" pinswap="0" gateswap="0" gate="1" group="1" side="" type="Any" name="D" />
    <comppin designator="7" sympin="7" pinswap="0" gateswap="0" gate="1" group="1" side="" type="Any" name="7" />
    <comppin designator="8" sympin="8" pinswap="0" gateswap="0" gate="1" group="1" side="" type="Any" name="8" />
    <attached_symbol gate="1" name="SKRHABE010" />
    <pinmap designator="1" footprintpin="1" />
    <pinmap designator="2" footprintpin="2" />
    <pinmap designator="3" footprintpin="3" />
    <pinmap designator="4" footprintpin="4" />
    <pinmap designator="5" footprintpin="5" />
    <pinmap designator="6" footprintpin="6" />
    <pinmap designator="7" footprintpin="7" />
    <pinmap designator="8" footprintpin="8" />
    <text name="Datasheet" originx="0" originy="0" style="Default" rotation="0" justify="" flipped="False" hidden="True" data="" />
    <text name="Description" originx="0" originy="0" style="Default" rotation="0" justify="" flipped="False" hidden="True" data="Multi-Directional Switches 4-directn cntr push W/boss 200K Cycles" />
    <text name="Manufacturer_Name" originx="0" originy="0" style="Default" rotation="0" justify="" flipped="False" hidden="True" data="ALPS Electric" />
    <text name="Manufacturer_Part_Number" originx="1250" originy="400" style="Default" rotation="0" justify="left" flipped="False" hidden="False" data="SKRHABE010" />
    <text name="Mouser Part Number" originx="0" originy="0" style="Default" rotation="0" justify="" flipped="False" hidden="True" data="688-SKRHAB" />
    <text name="Mouser Price/Stock" originx="0" originy="0" style="Default" rotation="0" justify="" flipped="False" hidden="True" data="https://www.mouser.co.uk/ProductDetail/Alps-Alpine/SKRHABE010?qs=seHrhfPpLDxEOwRqoDvYHw%3D%3D" />
    <text name="Arrow Part Number" originx="0" originy="0" style="Default" rotation="0" justify="" flipped="False" hidden="True" data="SKRHABE010" />
    <text name="Arrow Price/Stock" originx="0" originy="0" style="Default" rotation="0" justify="" flipped="False" hidden="True" data="https://www.arrow.com/en/products/skrhabe010/alps-electric" />
  </component>
</quadcept_library>
